GEO.id,Id
GEO.id2,Id2
GEO.display-label,Geography
HD01_VD01,Estimate; Total:
HD02_VD01,Margin of Error; Total:
HD01_VD02,Estimate; Native:
HD02_VD02,Margin of Error; Native:
HD01_VD03,Estimate; Native: - Speak only English
HD02_VD03,Margin of Error; Native: - Speak only English
HD01_VD04,Estimate; Native: - Speak Spanish:
HD02_VD04,Margin of Error; Native: - Speak Spanish:
HD01_VD05,"Estimate; Native: - Speak Spanish: - Speak English ""very well"""
HD02_VD05,"Margin of Error; Native: - Speak Spanish: - Speak English ""very well"""
HD01_VD06,"Estimate; Native: - Speak Spanish: - Speak English ""well"""
HD02_VD06,"Margin of Error; Native: - Speak Spanish: - Speak English ""well"""
HD01_VD07,"Estimate; Native: - Speak Spanish: - Speak English ""not well"""
HD02_VD07,"Margin of Error; Native: - Speak Spanish: - Speak English ""not well"""
HD01_VD08,"Estimate; Native: - Speak Spanish: - Speak English ""not at all"""
HD02_VD08,"Margin of Error; Native: - Speak Spanish: - Speak English ""not at all"""
HD01_VD09,Estimate; Native: - Speak other Indo-European languages:
HD02_VD09,Margin of Error; Native: - Speak other Indo-European languages:
HD01_VD10,"Estimate; Native: - Speak other Indo-European languages: - Speak English ""very well"""
HD02_VD10,"Margin of Error; Native: - Speak other Indo-European languages: - Speak English ""very well"""
HD01_VD11,"Estimate; Native: - Speak other Indo-European languages: - Speak English ""well"""
HD02_VD11,"Margin of Error; Native: - Speak other Indo-European languages: - Speak English ""well"""
HD01_VD12,"Estimate; Native: - Speak other Indo-European languages: - Speak English ""not well"""
HD02_VD12,"Margin of Error; Native: - Speak other Indo-European languages: - Speak English ""not well"""
HD01_VD13,"Estimate; Native: - Speak other Indo-European languages: - Speak English ""not at all"""
HD02_VD13,"Margin of Error; Native: - Speak other Indo-European languages: - Speak English ""not at all"""
HD01_VD14,Estimate; Native: - Speak Asian and Pacific Island languages:
HD02_VD14,Margin of Error; Native: - Speak Asian and Pacific Island languages:
HD01_VD15,"Estimate; Native: - Speak Asian and Pacific Island languages: - Speak English ""very well"""
HD02_VD15,"Margin of Error; Native: - Speak Asian and Pacific Island languages: - Speak English ""very well"""
HD01_VD16,"Estimate; Native: - Speak Asian and Pacific Island languages: - Speak English ""well"""
HD02_VD16,"Margin of Error; Native: - Speak Asian and Pacific Island languages: - Speak English ""well"""
HD01_VD17,"Estimate; Native: - Speak Asian and Pacific Island languages: - Speak English ""not well"""
HD02_VD17,"Margin of Error; Native: - Speak Asian and Pacific Island languages: - Speak English ""not well"""
HD01_VD18,"Estimate; Native: - Speak Asian and Pacific Island languages: - Speak English ""not at all"""
HD02_VD18,"Margin of Error; Native: - Speak Asian and Pacific Island languages: - Speak English ""not at all"""
HD01_VD19,Estimate; Native: - Speak other languages:
HD02_VD19,Margin of Error; Native: - Speak other languages:
HD01_VD20,"Estimate; Native: - Speak other languages: - Speak English ""very well"""
HD02_VD20,"Margin of Error; Native: - Speak other languages: - Speak English ""very well"""
HD01_VD21,"Estimate; Native: - Speak other languages: - Speak English ""well"""
HD02_VD21,"Margin of Error; Native: - Speak other languages: - Speak English ""well"""
HD01_VD22,"Estimate; Native: - Speak other languages: - Speak English ""not well"""
HD02_VD22,"Margin of Error; Native: - Speak other languages: - Speak English ""not well"""
HD01_VD23,"Estimate; Native: - Speak other languages: - Speak English ""not at all"""
HD02_VD23,"Margin of Error; Native: - Speak other languages: - Speak English ""not at all"""
HD01_VD24,Estimate; Foreign born:
HD02_VD24,Margin of Error; Foreign born:
HD01_VD25,Estimate; Foreign born: - Speak only English
HD02_VD25,Margin of Error; Foreign born: - Speak only English
HD01_VD26,Estimate; Foreign born: - Speak Spanish:
HD02_VD26,Margin of Error; Foreign born: - Speak Spanish:
HD01_VD27,"Estimate; Foreign born: - Speak Spanish: - Speak English ""very well"""
HD02_VD27,"Margin of Error; Foreign born: - Speak Spanish: - Speak English ""very well"""
HD01_VD28,"Estimate; Foreign born: - Speak Spanish: - Speak English ""well"""
HD02_VD28,"Margin of Error; Foreign born: - Speak Spanish: - Speak English ""well"""
HD01_VD29,"Estimate; Foreign born: - Speak Spanish: - Speak English ""not well"""
HD02_VD29,"Margin of Error; Foreign born: - Speak Spanish: - Speak English ""not well"""
HD01_VD30,"Estimate; Foreign born: - Speak Spanish: - Speak English ""not at all"""
HD02_VD30,"Margin of Error; Foreign born: - Speak Spanish: - Speak English ""not at all"""
HD01_VD31,Estimate; Foreign born: - Speak other Indo-European languages:
HD02_VD31,Margin of Error; Foreign born: - Speak other Indo-European languages:
HD01_VD32,"Estimate; Foreign born: - Speak other Indo-European languages: - Speak English ""very well"""
HD02_VD32,"Margin of Error; Foreign born: - Speak other Indo-European languages: - Speak English ""very well"""
HD01_VD33,"Estimate; Foreign born: - Speak other Indo-European languages: - Speak English ""well"""
HD02_VD33,"Margin of Error; Foreign born: - Speak other Indo-European languages: - Speak English ""well"""
HD01_VD34,"Estimate; Foreign born: - Speak other Indo-European languages: - Speak English ""not well"""
HD02_VD34,"Margin of Error; Foreign born: - Speak other Indo-European languages: - Speak English ""not well"""
HD01_VD35,"Estimate; Foreign born: - Speak other Indo-European languages: - Speak English ""not at all"""
HD02_VD35,"Margin of Error; Foreign born: - Speak other Indo-European languages: - Speak English ""not at all"""
HD01_VD36,Estimate; Foreign born: - Speak Asian and Pacific Island languages:
HD02_VD36,Margin of Error; Foreign born: - Speak Asian and Pacific Island languages:
HD01_VD37,"Estimate; Foreign born: - Speak Asian and Pacific Island languages: - Speak English ""very well"""
HD02_VD37,"Margin of Error; Foreign born: - Speak Asian and Pacific Island languages: - Speak English ""very well"""
HD01_VD38,"Estimate; Foreign born: - Speak Asian and Pacific Island languages: - Speak English ""well"""
HD02_VD38,"Margin of Error; Foreign born: - Speak Asian and Pacific Island languages: - Speak English ""well"""
HD01_VD39,"Estimate; Foreign born: - Speak Asian and Pacific Island languages: - Speak English ""not well"""
HD02_VD39,"Margin of Error; Foreign born: - Speak Asian and Pacific Island languages: - Speak English ""not well"""
HD01_VD40,"Estimate; Foreign born: - Speak Asian and Pacific Island languages: - Speak English ""not at all"""
HD02_VD40,"Margin of Error; Foreign born: - Speak Asian and Pacific Island languages: - Speak English ""not at all"""
HD01_VD41,Estimate; Foreign born: - Speak other languages:
HD02_VD41,Margin of Error; Foreign born: - Speak other languages:
HD01_VD42,"Estimate; Foreign born: - Speak other languages: - Speak English ""very well"""
HD02_VD42,"Margin of Error; Foreign born: - Speak other languages: - Speak English ""very well"""
HD01_VD43,"Estimate; Foreign born: - Speak other languages: - Speak English ""well"""
HD02_VD43,"Margin of Error; Foreign born: - Speak other languages: - Speak English ""well"""
HD01_VD44,"Estimate; Foreign born: - Speak other languages: - Speak English ""not well"""
HD02_VD44,"Margin of Error; Foreign born: - Speak other languages: - Speak English ""not well"""
HD01_VD45,"Estimate; Foreign born: - Speak other languages: - Speak English ""not at all"""
HD02_VD45,"Margin of Error; Foreign born: - Speak other languages: - Speak English ""not at all"""
