GEO.id,Id
GEO.id2,Id2
GEO.display-label,Geography
HD01_VD01,Estimate; Total:
HD02_VD01,Margin of Error; Total:
HD01_VD03,Estimate; Total: - Less than high school graduate
HD02_VD03,Margin of Error; Total: - Less than high school graduate
HD01_VD04,Estimate; Total: - High school graduate (includes equivalency)
HD02_VD04,Margin of Error; Total: - High school graduate (includes equivalency)
HD01_VD05,Estimate; Total: - Some college or associate's degree
HD02_VD05,Margin of Error; Total: - Some college or associate's degree
HD01_VD06,Estimate; Total: - Bachelor's degree
HD02_VD06,Margin of Error; Total: - Bachelor's degree
HD01_VD07,Estimate; Total: - Graduate or professional degree
HD02_VD07,Margin of Error; Total: - Graduate or professional degree
HD01_VD08,Estimate; Total: - Born in state of residence:
HD02_VD08,Margin of Error; Total: - Born in state of residence:
HD01_VD09,Estimate; Total: - Born in state of residence: - Less than high school graduate
HD02_VD09,Margin of Error; Total: - Born in state of residence: - Less than high school graduate
HD01_VD10,Estimate; Total: - Born in state of residence: - High school graduate (includes equivalency)
HD02_VD10,Margin of Error; Total: - Born in state of residence: - High school graduate (includes equivalency)
HD01_VD11,Estimate; Total: - Born in state of residence: - Some college or associate's degree
HD02_VD11,Margin of Error; Total: - Born in state of residence: - Some college or associate's degree
HD01_VD12,Estimate; Total: - Born in state of residence: - Bachelor's degree
HD02_VD12,Margin of Error; Total: - Born in state of residence: - Bachelor's degree
HD01_VD13,Estimate; Total: - Born in state of residence: - Graduate or professional degree
HD02_VD13,Margin of Error; Total: - Born in state of residence: - Graduate or professional degree
HD01_VD14,Estimate; Total: - Born in other state in the United States:
HD02_VD14,Margin of Error; Total: - Born in other state in the United States:
HD01_VD15,Estimate; Total: - Born in other state in the United States: - Less than high school graduate
HD02_VD15,Margin of Error; Total: - Born in other state in the United States: - Less than high school graduate
HD01_VD16,Estimate; Total: - Born in other state in the United States: - High school graduate (includes equivalency)
HD02_VD16,Margin of Error; Total: - Born in other state in the United States: - High school graduate (includes equivalency)
HD01_VD17,Estimate; Total: - Born in other state in the United States: - Some college or associate's degree
HD02_VD17,Margin of Error; Total: - Born in other state in the United States: - Some college or associate's degree
HD01_VD18,Estimate; Total: - Born in other state in the United States: - Bachelor's degree
HD02_VD18,Margin of Error; Total: - Born in other state in the United States: - Bachelor's degree
HD01_VD19,Estimate; Total: - Born in other state in the United States: - Graduate or professional degree
HD02_VD19,Margin of Error; Total: - Born in other state in the United States: - Graduate or professional degree
HD01_VD20,Estimate; Total: - Native; born outside the United States:
HD02_VD20,Margin of Error; Total: - Native; born outside the United States:
HD01_VD21,Estimate; Total: - Native; born outside the United States: - Less than high school graduate
HD02_VD21,Margin of Error; Total: - Native; born outside the United States: - Less than high school graduate
HD01_VD22,Estimate; Total: - Native; born outside the United States: - High school graduate (includes equivalency)
HD02_VD22,Margin of Error; Total: - Native; born outside the United States: - High school graduate (includes equivalency)
HD01_VD23,Estimate; Total: - Native; born outside the United States: - Some college or associate's degree
HD02_VD23,Margin of Error; Total: - Native; born outside the United States: - Some college or associate's degree
HD01_VD24,Estimate; Total: - Native; born outside the United States: - Bachelor's degree
HD02_VD24,Margin of Error; Total: - Native; born outside the United States: - Bachelor's degree
HD01_VD25,Estimate; Total: - Native; born outside the United States: - Graduate or professional degree
HD02_VD25,Margin of Error; Total: - Native; born outside the United States: - Graduate or professional degree
HD01_VD26,Estimate; Total: - Foreign born:
HD02_VD26,Margin of Error; Total: - Foreign born:
HD01_VD27,Estimate; Total: - Foreign born: - Less than high school graduate
HD02_VD27,Margin of Error; Total: - Foreign born: - Less than high school graduate
HD01_VD28,Estimate; Total: - Foreign born: - High school graduate (includes equivalency)
HD02_VD28,Margin of Error; Total: - Foreign born: - High school graduate (includes equivalency)
HD01_VD29,Estimate; Total: - Foreign born: - Some college or associate's degree
HD02_VD29,Margin of Error; Total: - Foreign born: - Some college or associate's degree
HD01_VD30,Estimate; Total: - Foreign born: - Bachelor's degree
HD02_VD30,Margin of Error; Total: - Foreign born: - Bachelor's degree
HD01_VD31,Estimate; Total: - Foreign born: - Graduate or professional degree
HD02_VD31,Margin of Error; Total: - Foreign born: - Graduate or professional degree
